name;code;active;region_id;created_at;updated_at
Abriaquí;05004;1;1;2021-04-02;2021-04-02
Acacías;50006;1;16;2021-04-02;2021-04-02
Acandí;27006;1;12;2021-04-02;2021-04-02
Acevedo;41006;1;13;2021-04-02;2021-04-02
Achí;13006;1;4;2021-04-02;2021-04-02
Agrado;41013;1;13;2021-04-02;2021-04-02
Agua de Dios;25001;1;11;2021-04-02;2021-04-02
Aguachica;20011;1;9;2021-04-02;2021-04-02
Aguada;68013;1;21;2021-04-02;2021-04-02
Aguadas;17013;1;6;2021-04-02;2021-04-02
Aguazul;85010;1;26;2021-04-02;2021-04-02
Agustín Codazzi;20013;1;9;2021-04-02;2021-04-02
Aipe;41016;1;13;2021-04-02;2021-04-02
Albania;18029;1;7;2021-04-02;2021-04-02
Albania;44035;1;14;2021-04-02;2021-04-02
Albania;68020;1;21;2021-04-02;2021-04-02
Albán;25019;1;11;2021-04-02;2021-04-02
Albán (San José);52019;1;17;2021-04-02;2021-04-02
Alcalá;76020;1;24;2021-04-02;2021-04-02
Alejandria;52022;1;1;2021-04-02;2021-04-02
Algarrobo;47030;1;15;2021-04-02;2021-04-02
Algeciras;41020;1;13;2021-04-02;2021-04-02
Almaguer;19022;1;8;2021-04-02;2021-04-02
Almeida;15022;1;5;2021-04-02;2021-04-02
Alpujarra;73024;1;23;2021-04-02;2021-04-02
Altamira;41026;1;13;2021-04-02;2021-04-02
Alto Baudó (Pie de Pato);27025;1;12;2021-04-02;2021-04-02
Altos del Rosario;13030;1;4;2021-04-02;2021-04-02
Alvarado;73026;1;23;2021-04-02;2021-04-02
Amagá;05030;1;1;2021-04-02;2021-04-02
Amalfi;05031;1;1;2021-04-02;2021-04-02
Ambalema;73030;1;23;2021-04-02;2021-04-02
Anapoima;25035;1;11;2021-04-02;2021-04-02
Ancuya;52036;1;17;2021-04-02;2021-04-02
Andalucía;76036;1;24;2021-04-02;2021-04-02
Andes;05034;1;1;2021-04-02;2021-04-02
Angelópolis;05036;1;1;2021-04-02;2021-04-02
Angostura;05038;1;1;2021-04-02;2021-04-02
Anolaima;25040;1;11;2021-04-02;2021-04-02
Anorí;05040;1;1;2021-04-02;2021-04-02
Anserma;17042;1;6;2021-04-02;2021-04-02
Ansermanuevo;76041;1;24;2021-04-02;2021-04-02
Anzoátegui;73043;1;23;2021-04-02;2021-04-02
Anzá;05044;1;1;2021-04-02;2021-04-02
Apartadó;05045;1;1;2021-04-02;2021-04-02
Apulo;25599;1;11;2021-04-02;2021-04-02
Apía;66045;1;20;2021-04-02;2021-04-02
Aquitania;15047;1;5;2021-04-02;2021-04-02
Aracataca;47053;1;15;2021-04-02;2021-04-02
Aranzazu;17050;1;6;2021-04-02;2021-04-02
Aratoca;68051;1;21;2021-04-02;2021-04-02
Arauca;81001;1;25;2021-04-02;2021-04-02
Arauquita;81065;1;25;2021-04-02;2021-04-02
Arbeláez;25053;1;11;2021-04-02;2021-04-02
Arboleda (Berruecos);52051;1;17;2021-04-02;2021-04-02
Arboledas;54051;1;18;2021-04-02;2021-04-02
Arboletes;05051;1;1;2021-04-02;2021-04-02
Arcabuco;15051;1;5;2021-04-02;2021-04-02
Arenal;13042;1;4;2021-04-02;2021-04-02
Argelia;05055;1;1;2021-04-02;2021-04-02
Argelia;19050;1;8;2021-04-02;2021-04-02
Argelia;76054;1;24;2021-04-02;2021-04-02
Ariguaní (El Difícil);47058;1;15;2021-04-02;2021-04-02
Arjona;13052;1;4;2021-04-02;2021-04-02
Armenia;05059;1;1;2021-04-02;2021-04-02
Armenia;63001;1;19;2021-04-02;2021-04-02
Armero (Guayabal);73055;1;23;2021-04-02;2021-04-02
Arroyohondo;13062;1;4;2021-04-02;2021-04-02
Astrea;20032;1;9;2021-04-02;2021-04-02
Ataco;73067;1;23;2021-04-02;2021-04-02
Atrato (Yuto);27050;1;12;2021-04-02;2021-04-02
Ayapel;23068;1;10;2021-04-02;2021-04-02
Bagadó;27073;1;12;2021-04-02;2021-04-02
Bahía Solano (Mútis);27075;1;12;2021-04-02;2021-04-02
Bajo Baudó (Pizarro);27077;1;12;2021-04-02;2021-04-02
Balboa;19075;1;8;2021-04-02;2021-04-02
Balboa;66075;1;20;2021-04-02;2021-04-02
Baranoa;08078;1;2;2021-04-02;2021-04-02
Baraya;41078;1;13;2021-04-02;2021-04-02
Barbacoas;52079;1;17;2021-04-02;2021-04-02
Barbosa;05079;1;1;2021-04-02;2021-04-02
Barbosa;68077;1;21;2021-04-02;2021-04-02
Barichara;68079;1;21;2021-04-02;2021-04-02
Barranca de Upía;50110;1;16;2021-04-02;2021-04-02
Barrancabermeja;68081;1;21;2021-04-02;2021-04-02
Barrancas;44078;1;14;2021-04-02;2021-04-02
Barranco de Loba;13074;1;4;2021-04-02;2021-04-02
Barranquilla;08001;1;2;2021-04-02;2021-04-02
Becerríl;20045;1;9;2021-04-02;2021-04-02
Belalcázar;17088;1;6;2021-04-02;2021-04-02
Bello;05088;1;1;2021-04-02;2021-04-02
Belmira;05086;1;1;2021-04-02;2021-04-02
Beltrán;25086;1;11;2021-04-02;2021-04-02
Belén;15087;1;5;2021-04-02;2021-04-02
Belén;52083;1;17;2021-04-02;2021-04-02
Belén de Bajirá;277017;1;12;2021-04-02;2021-04-02
Belén de Umbría;66088;1;20;2021-04-02;2021-04-02
Belén de los Andaquíes;18094;1;7;2021-04-02;2021-04-02
Berbeo;15090;1;5;2021-04-02;2021-04-02
Betania;05091;1;1;2021-04-02;2021-04-02
Beteitiva;15092;1;5;2021-04-02;2021-04-02
Betulia;05093;1;1;2021-04-02;2021-04-02
Betulia;68092;1;21;2021-04-02;2021-04-02
Bituima;25095;1;11;2021-04-02;2021-04-02
Boavita;15097;1;5;2021-04-02;2021-04-02
Bochalema;54099;1;18;2021-04-02;2021-04-02
Bogotá D.C.;11001;1;3;2021-04-02;2021-04-02
Bojacá;25099;1;11;2021-04-02;2021-04-02
Bojayá (Bellavista);27099;1;12;2021-04-02;2021-04-02
Bolívar;056460;1;1;2021-04-02;2021-04-02
Bolívar;19100;1;8;2021-04-02;2021-04-02
Bolívar;68101;1;21;2021-04-02;2021-04-02
Bolívar;76100;1;24;2021-04-02;2021-04-02
Bosconia;20060;1;9;2021-04-02;2021-04-02
Boyacá;15104;1;5;2021-04-02;2021-04-02
Briceño;05117;1;1;2021-04-02;2021-04-02
Briceño;15106;1;5;2021-04-02;2021-04-02
Bucaramanga;68001;1;21;2021-04-02;2021-04-02
Bucarasica;54109;1;18;2021-04-02;2021-04-02
Buenaventura;76109;1;24;2021-04-02;2021-04-02
Buenavista;055057;1;5;2021-04-02;2021-04-02
Buenavista;23079;1;10;2021-04-02;2021-04-02
Buenavista;63111;1;19;2021-04-02;2021-04-02
Buenavista;70110;1;22;2021-04-02;2021-04-02
Buenos Aires;19110;1;8;2021-04-02;2021-04-02
Buesaco;52110;1;17;2021-04-02;2021-04-02
Buga;763041;1;24;2021-04-02;2021-04-02
Bugalagrande;76113;1;24;2021-04-02;2021-04-02
Burítica;05113;1;1;2021-04-02;2021-04-02
Busbanza;15114;1;5;2021-04-02;2021-04-02
Cabrera;25120;1;11;2021-04-02;2021-04-02
Cabrera;68121;1;21;2021-04-02;2021-04-02
Cabuyaro;50124;1;16;2021-04-02;2021-04-02
Cachipay;25123;1;11;2021-04-02;2021-04-02
Caicedo;05125;1;1;2021-04-02;2021-04-02
Caicedonia;76122;1;24;2021-04-02;2021-04-02
Caimito;70124;1;22;2021-04-02;2021-04-02
Cajamarca;73124;1;23;2021-04-02;2021-04-02
Cajibío;19130;1;8;2021-04-02;2021-04-02
Cajicá;25126;1;11;2021-04-02;2021-04-02
Calamar;13140;1;4;2021-04-02;2021-04-02
Calamar;95015;1;31;2021-04-02;2021-04-02
Calarcá;63130;1;19;2021-04-02;2021-04-02
Caldas;05129;1;1;2021-04-02;2021-04-02
Caldas;15131;1;5;2021-04-02;2021-04-02
Caldono;19137;1;8;2021-04-02;2021-04-02
California;68132;1;21;2021-04-02;2021-04-02
Calima (Darién);76126;1;24;2021-04-02;2021-04-02
Caloto;19142;1;8;2021-04-02;2021-04-02
Calí;76001;1;24;2021-04-02;2021-04-02
Campamento;05134;1;1;2021-04-02;2021-04-02
Campo de la Cruz;08137;1;2;2021-04-02;2021-04-02
Campoalegre;41132;1;13;2021-04-02;2021-04-02
Campohermoso;15135;1;5;2021-04-02;2021-04-02
Canalete;23090;1;10;2021-04-02;2021-04-02
Candelaria;08141;1;2;2021-04-02;2021-04-02
Candelaria;76130;1;24;2021-04-02;2021-04-02
Cantagallo;13160;1;4;2021-04-02;2021-04-02
Cantón de San Pablo;272047;1;12;2021-04-02;2021-04-02
Caparrapí;25148;1;11;2021-04-02;2021-04-02
Capitanejo;68147;1;21;2021-04-02;2021-04-02
Caracolí;05142;1;1;2021-04-02;2021-04-02
Caramanta;05145;1;1;2021-04-02;2021-04-02
Carcasí;68152;1;21;2021-04-02;2021-04-02
Carepa;05147;1;1;2021-04-02;2021-04-02
Carmen de Apicalá;73148;1;23;2021-04-02;2021-04-02
Carmen de Carupa;25154;1;11;2021-04-02;2021-04-02
Carmen de Viboral;05148;1;1;2021-04-02;2021-04-02
Carmen del Darién (CURBARADÓ);27150;1;12;2021-04-02;2021-04-02
Carolina;05150;1;1;2021-04-02;2021-04-02
Cartagena;13001;1;4;2021-04-02;2021-04-02
Cartagena del Chairá;18150;1;7;2021-04-02;2021-04-02
Cartago;76147;1;24;2021-04-02;2021-04-02
Carurú;97161;1;32;2021-04-02;2021-04-02
Casabianca;73152;1;23;2021-04-02;2021-04-02
Castilla la Nueva;50150;1;16;2021-04-02;2021-04-02
Caucasia;05154;1;1;2021-04-02;2021-04-02
Cañasgordas;05138;1;1;2021-04-02;2021-04-02
Cepita;05154;1;21;2021-04-02;2021-04-02
Cereté;23162;1;10;2021-04-02;2021-04-02
Cerinza;15162;1;5;2021-04-02;2021-04-02
Cerrito;68162;1;21;2021-04-02;2021-04-02
Cerro San Antonio;47161;1;15;2021-04-02;2021-04-02
Chachaguí;52240;1;17;2021-04-02;2021-04-02
Chaguaní;25168;1;11;2021-04-02;2021-04-02
Chalán;70230;1;22;2021-04-02;2021-04-02
Chaparral;73168;1;23;2021-04-02;2021-04-02
Charalá;68167;1;21;2021-04-02;2021-04-02
Charta;68169;1;21;2021-04-02;2021-04-02
Chigorodó;05172;1;1;2021-04-02;2021-04-02
Chima;68176;1;21;2021-04-02;2021-04-02
Chimichagua;20175;1;9;2021-04-02;2021-04-02
Chimá;23168;1;10;2021-04-02;2021-04-02
Chinavita;15172;1;5;2021-04-02;2021-04-02
Chinchiná;17174;1;6;2021-04-02;2021-04-02
Chinácota;54172;1;18;2021-04-02;2021-04-02
Chinú;23182;1;10;2021-04-02;2021-04-02
Chipaque;25178;1;11;2021-04-02;2021-04-02
Chipatá;68179;1;21;2021-04-02;2021-04-02
Chiquinquirá;15176;1;5;2021-04-02;2021-04-02
Chiriguaná;20178;1;9;2021-04-02;2021-04-02
Chiscas;15180;1;5;2021-04-02;2021-04-02
Chita;15183;1;5;2021-04-02;2021-04-02
Chitagá;54174;1;18;2021-04-02;2021-04-02
Chitaraque;15185;1;5;2021-04-02;2021-04-02
Chivatá;15187;1;5;2021-04-02;2021-04-02
Chivolo;47170;1;15;2021-04-02;2021-04-02
Choachí;25181;1;11;2021-04-02;2021-04-02
Chocontá;25183;1;11;2021-04-02;2021-04-02
Chámeza;85015;1;26;2021-04-02;2021-04-02
Chía;25175;1;11;2021-04-02;2021-04-02
Chíquiza;15232;1;5;2021-04-02;2021-04-02
Chívor;15236;1;5;2021-04-02;2021-04-02
Cicuco;13188;1;4;2021-04-02;2021-04-02
Cimitarra;68190;1;21;2021-04-02;2021-04-02
Circasia;63190;1;19;2021-04-02;2021-04-02
Cisneros;05190;1;1;2021-04-02;2021-04-02
Ciénaga;15189;1;5;2021-04-02;2021-04-02
Ciénaga;47189;1;15;2021-04-02;2021-04-02
Ciénaga de Oro;23189;1;10;2021-04-02;2021-04-02
Clemencia;13222;1;4;2021-04-02;2021-04-02
Cocorná;05197;1;1;2021-04-02;2021-04-02
Coello;73200;1;23;2021-04-02;2021-04-02
Cogua;25200;1;11;2021-04-02;2021-04-02
Colombia;41206;1;13;2021-04-02;2021-04-02
Colosó (Ricaurte);70204;1;22;2021-04-02;2021-04-02
Colón;86219;1;27;2021-04-02;2021-04-02
Colón (Génova);52207;1;17;2021-04-02;2021-04-02
Concepción;05207;1;1;2021-04-02;2021-04-02
Concepción;68207;1;21;2021-04-02;2021-04-02
Concordia;05209;1;1;2021-04-02;2021-04-02
Concordia;47205;1;15;2021-04-02;2021-04-02
Condoto;27205;1;12;2021-04-02;2021-04-02
Confines;68209;1;21;2021-04-02;2021-04-02
Consaca;52207;1;17;2021-04-02;2021-04-02
Contadero;52210;1;17;2021-04-02;2021-04-02
Contratación;68211;1;21;2021-04-02;2021-04-02
Convención;54206;1;18;2021-04-02;2021-04-02
Copacabana;05212;1;1;2021-04-02;2021-04-02
Coper;15212;1;5;2021-04-02;2021-04-02
Cordobá;63212;1;19;2021-04-02;2021-04-02
Corinto;19212;1;8;2021-04-02;2021-04-02
Coromoro;68217;1;21;2021-04-02;2021-04-02
Corozal;70215;1;22;2021-04-02;2021-04-02
Corrales;15215;1;5;2021-04-02;2021-04-02
Cota;25214;1;11;2021-04-02;2021-04-02
Cotorra;23300;1;10;2021-04-02;2021-04-02
Covarachía;15218;1;5;2021-04-02;2021-04-02
Coveñas;70221;1;22;2021-04-02;2021-04-02
Coyaima;73217;1;23;2021-04-02;2021-04-02
Cravo Norte;81220;1;25;2021-04-02;2021-04-02
Cuaspud (Carlosama);52224;1;17;2021-04-02;2021-04-02
Cubarral;50223;1;16;2021-04-02;2021-04-02
Cubará;15223;1;5;2021-04-02;2021-04-02
Cucaita;15224;1;5;2021-04-02;2021-04-02
Cucunubá;25224;1;11;2021-04-02;2021-04-02
Cucutilla;54223;1;18;2021-04-02;2021-04-02
Cuitiva;15226;1;5;2021-04-02;2021-04-02
Cumaral;50226;1;16;2021-04-02;2021-04-02
Cumaribo;99773;1;33;2021-04-02;2021-04-02
Cumbal;52227;1;17;2021-04-02;2021-04-02
Cumbitara;52233;1;17;2021-04-02;2021-04-02
Cunday;73226;1;23;2021-04-02;2021-04-02
Curillo;18205;1;7;2021-04-02;2021-04-02
Curití;68229;1;21;2021-04-02;2021-04-02
Curumaní;20228;1;9;2021-04-02;2021-04-02
Cáceres;05120;1;1;2021-04-02;2021-04-02
Cáchira;54128;1;18;2021-04-02;2021-04-02
Cácota;54125;1;18;2021-04-02;2021-04-02
Cáqueza;25151;1;11;2021-04-02;2021-04-02
Cértegui;27160;1;12;2021-04-02;2021-04-02
Cómbita;15204;1;5;2021-04-02;2021-04-02
Córdoba;13212;1;4;2021-04-02;2021-04-02
Córdoba;52215;1;17;2021-04-02;2021-04-02
Cúcuta;54001;1;18;2021-04-02;2021-04-02
Dabeiba;05234;1;1;2021-04-02;2021-04-02
Dagua;76233;1;24;2021-04-02;2021-04-02
Dibulla;44090;1;14;2021-04-02;2021-04-02
Distracción;44098;1;14;2021-04-02;2021-04-02
Dolores;73236;1;23;2021-04-02;2021-04-02
Don Matías;05237;1;1;2021-04-02;2021-04-02
Dos Quebradas;66170;1;20;2021-04-02;2021-04-02
Duitama;15238;1;5;2021-04-02;2021-04-02
Durania;54239;1;18;2021-04-02;2021-04-02
Ebéjico;05240;1;1;2021-04-02;2021-04-02
El Bagre;05250;1;1;2021-04-02;2021-04-02
El Banco;47245;1;15;2021-04-02;2021-04-02
El Cairo;76246;1;24;2021-04-02;2021-04-02
El Calvario;50245;1;16;2021-04-02;2021-04-02
El Carmen;54245;1;18;2021-04-02;2021-04-02
El Carmen de Chucurí;68235;1;21;2021-04-02;2021-04-02
El Carmen de Atrato;27245;1;12;2021-04-02;2021-04-02
El Carmen de Bolívar;13244;1;4;2021-04-02;2021-04-02
El Castillo;50251;1;16;2021-04-02;2021-04-02
El Cerrito;76248;1;24;2021-04-02;2021-04-02
El Charco;52250;1;17;2021-04-02;2021-04-02
El Cocuy;15244;1;5;2021-04-02;2021-04-02
El Colegio;25245;1;11;2021-04-02;2021-04-02
El Copey;20238;1;9;2021-04-02;2021-04-02
El Doncello;18247;1;7;2021-04-02;2021-04-02
El Dorado;50270;1;16;2021-04-02;2021-04-02
El Dovio;76250;1;24;2021-04-02;2021-04-02
El Espino;15248;1;5;2021-04-02;2021-04-02
El Guacamayo;68245;1;21;2021-04-02;2021-04-02
El Guamo;13248;1;4;2021-04-02;2021-04-02
El Molino;44110;1;14;2021-04-02;2021-04-02
El Paso;20250;1;9;2021-04-02;2021-04-02
El Paujil;18256;1;7;2021-04-02;2021-04-02
El Peñol;52254;1;17;2021-04-02;2021-04-02
El Peñon;13268;1;4;2021-04-02;2021-04-02
El Peñon;68250;1;21;2021-04-02;2021-04-02
El Peñón;25258;1;11;2021-04-02;2021-04-02
El Piñon;47258;1;15;2021-04-02;2021-04-02
El Playón;68255;1;21;2021-04-02;2021-04-02
El Retorno;95025;1;31;2021-04-02;2021-04-02
El Retén;47268;1;15;2021-04-02;2021-04-02
El Roble;70233;1;22;2021-04-02;2021-04-02
El Rosal;25260;1;11;2021-04-02;2021-04-02
El Rosario;52256;1;17;2021-04-02;2021-04-02
El Tablón de Gómez;52258;1;17;2021-04-02;2021-04-02
El Tambo;19256;1;8;2021-04-02;2021-04-02
El Tambo;52260;1;17;2021-04-02;2021-04-02
El Tarra;54250;1;18;2021-04-02;2021-04-02
El Zulia;54261;1;18;2021-04-02;2021-04-02
El Águila;76243;1;24;2021-04-02;2021-04-02
Elías;41244;1;13;2021-04-02;2021-04-02
Encino;68264;1;21;2021-04-02;2021-04-02
Enciso;68266;1;21;2021-04-02;2021-04-02
Entrerríos;05264;1;1;2021-04-02;2021-04-02
Envigado;05266;1;1;2021-04-02;2021-04-02
Espinal;73268;1;23;2021-04-02;2021-04-02
Facatativá;25269;1;11;2021-04-02;2021-04-02
Falan;73270;1;23;2021-04-02;2021-04-02
Filadelfia;17272;1;6;2021-04-02;2021-04-02
Filandia;63272;1;19;2021-04-02;2021-04-02
Firavitoba;15272;1;5;2021-04-02;2021-04-02
Flandes;73275;1;23;2021-04-02;2021-04-02
Florencia;18001;1;7;2021-04-02;2021-04-02
Florencia;19290;1;8;2021-04-02;2021-04-02
Floresta;15276;1;5;2021-04-02;2021-04-02
Florida;76275;1;24;2021-04-02;2021-04-02
Floridablanca;68276;1;21;2021-04-02;2021-04-02
Florián;68271;1;21;2021-04-02;2021-04-02
Fonseca;44279;1;14;2021-04-02;2021-04-02
Fortúl;81300;1;25;2021-04-02;2021-04-02
Fosca;25281;1;11;2021-04-02;2021-04-02
Francisco Pizarro;52520;1;17;2021-04-02;2021-04-02
Fredonia;05282;1;1;2021-04-02;2021-04-02
Fresno;73283;1;23;2021-04-02;2021-04-02
Frontino;05284;1;1;2021-04-02;2021-04-02
Fuente de Oro;50287;1;16;2021-04-02;2021-04-02
Fundación;47288;1;15;2021-04-02;2021-04-02
Funes;52287;1;17;2021-04-02;2021-04-02
Funza;25286;1;11;2021-04-02;2021-04-02
Fusagasugá;25290;1;11;2021-04-02;2021-04-02
Fómeque;25279;1;11;2021-04-02;2021-04-02
Fúquene;25288;1;11;2021-04-02;2021-04-02
Gachalá;25293;1;11;2021-04-02;2021-04-02
Gachancipá;25295;1;11;2021-04-02;2021-04-02
Gachantivá;15293;1;5;2021-04-02;2021-04-02
Gachetá;25297;1;11;2021-04-02;2021-04-02
Galapa;08296;1;2;2021-04-02;2021-04-02
Galeras (Nueva Granada);70235;1;22;2021-04-02;2021-04-02
Galán;68296;1;21;2021-04-02;2021-04-02
Gama;25299;1;11;2021-04-02;2021-04-02
Gamarra;20295;1;9;2021-04-02;2021-04-02
Garagoa;15299;1;5;2021-04-02;2021-04-02
Garzón;41298;1;13;2021-04-02;2021-04-02
Gigante;41306;1;13;2021-04-02;2021-04-02
Ginebra;76306;1;24;2021-04-02;2021-04-02
Giraldo;05306;1;1;2021-04-02;2021-04-02
Girardot;25307;1;11;2021-04-02;2021-04-02
Girardota;05308;1;1;2021-04-02;2021-04-02
Girón;68307;1;21;2021-04-02;2021-04-02
Gonzalez;20310;1;9;2021-04-02;2021-04-02
Gramalote;54313;1;18;2021-04-02;2021-04-02
Granada;05313;1;1;2021-04-02;2021-04-02
Granada;25312;1;11;2021-04-02;2021-04-02
Granada;50313;1;16;2021-04-02;2021-04-02
Guaca;68318;1;21;2021-04-02;2021-04-02
Guacamayas;15317;1;5;2021-04-02;2021-04-02
Guacarí;76318;1;24;2021-04-02;2021-04-02
Guachavés;525570;1;17;2021-04-02;2021-04-02
Guachené;19300;1;8;2021-04-02;2021-04-02
Guachetá;25317;1;11;2021-04-02;2021-04-02
Guachucal;52317;1;17;2021-04-02;2021-04-02
Guadalupe;05315;1;1;2021-04-02;2021-04-02
Guadalupe;41319;1;13;2021-04-02;2021-04-02
Guadalupe;68320;1;21;2021-04-02;2021-04-02
Guaduas;25320;1;11;2021-04-02;2021-04-02
Guaitarilla;52320;1;17;2021-04-02;2021-04-02
Gualmatán;52323;1;17;2021-04-02;2021-04-02
Guamal;47318;1;15;2021-04-02;2021-04-02
Guamal;50318;1;16;2021-04-02;2021-04-02
Guamo;73319;1;23;2021-04-02;2021-04-02
Guapota;68322;1;21;2021-04-02;2021-04-02
Guapí;19318;1;8;2021-04-02;2021-04-02
Guaranda;70265;1;22;2021-04-02;2021-04-02
Guarne;05318;1;1;2021-04-02;2021-04-02
Guasca;25322;1;11;2021-04-02;2021-04-02
Guatapé;05321;1;1;2021-04-02;2021-04-02
Guataquí;25324;1;11;2021-04-02;2021-04-02
Guatavita;25326;1;11;2021-04-02;2021-04-02
Guateque;15322;1;5;2021-04-02;2021-04-02
Guavatá;68324;1;21;2021-04-02;2021-04-02
Guayabal de Siquima;25328;1;11;2021-04-02;2021-04-02
Guayabetal;25335;1;11;2021-04-02;2021-04-02
Guayatá;15325;1;5;2021-04-02;2021-04-02
Guepsa;68327;1;21;2021-04-02;2021-04-02
Guicán;15332;1;5;2021-04-02;2021-04-02
Gutiérrez;25339;1;11;2021-04-02;2021-04-02
Guática;66318;1;20;2021-04-02;2021-04-02
Gámbita;68298;1;21;2021-04-02;2021-04-02
Gámeza;15296;1;5;2021-04-02;2021-04-02
Génova;63302;1;19;2021-04-02;2021-04-02
Gómez Plata;05310;1;1;2021-04-02;2021-04-02
Hacarí;54344;1;18;2021-04-02;2021-04-02
Hatillo de Loba;13300;1;4;2021-04-02;2021-04-02
Hato;68344;1;21;2021-04-02;2021-04-02
Hato Corozal;85125;1;26;2021-04-02;2021-04-02
Hatonuevo;44378;1;14;2021-04-02;2021-04-02
Heliconia;05347;1;1;2021-04-02;2021-04-02
Herrán;54347;1;18;2021-04-02;2021-04-02
Herveo;73347;1;23;2021-04-02;2021-04-02
Hispania;05353;1;1;2021-04-02;2021-04-02
Hobo;41349;1;13;2021-04-02;2021-04-02
Honda;73349;1;23;2021-04-02;2021-04-02
Ibagué;73001;1;23;2021-04-02;2021-04-02
Icononzo;73352;1;23;2021-04-02;2021-04-02
Iles;52352;1;17;2021-04-02;2021-04-02
Imúes;52354;1;17;2021-04-02;2021-04-02
Inzá;19355;1;8;2021-04-02;2021-04-02
Inírida;94001;1;30;2021-04-02;2021-04-02
Ipiales;52356;1;17;2021-04-02;2021-04-02
Isnos;41359;1;13;2021-04-02;2021-04-02
Istmina;27361;1;12;2021-04-02;2021-04-02
Itagüí;05360;1;1;2021-04-02;2021-04-02
Ituango;05361;1;1;2021-04-02;2021-04-02
Izá;15362;1;5;2021-04-02;2021-04-02
Jambaló;19364;1;8;2021-04-02;2021-04-02
Jamundí;76364;1;24;2021-04-02;2021-04-02
Jardín;05364;1;1;2021-04-02;2021-04-02
Jenesano;15367;1;5;2021-04-02;2021-04-02
Jericó;05368;1;1;2021-04-02;2021-04-02
Jericó;15368;1;5;2021-04-02;2021-04-02
Jerusalén;25368;1;11;2021-04-02;2021-04-02
Jesús María;68368;1;21;2021-04-02;2021-04-02
Jordán;68370;1;21;2021-04-02;2021-04-02
Juan de Acosta;08372;1;2;2021-04-02;2021-04-02
Junín;25372;1;11;2021-04-02;2021-04-02
Juradó;27372;1;12;2021-04-02;2021-04-02
La Apartada y La Frontera;23350;1;10;2021-04-02;2021-04-02
La Argentina;41378;1;13;2021-04-02;2021-04-02
La Belleza;68377;1;21;2021-04-02;2021-04-02
La Calera;25377;1;11;2021-04-02;2021-04-02
La Capilla;15380;1;5;2021-04-02;2021-04-02
La Ceja;05376;1;1;2021-04-02;2021-04-02
La Celia;66383;1;20;2021-04-02;2021-04-02
La Cruz;52378;1;17;2021-04-02;2021-04-02
La Cumbre;76377;1;24;2021-04-02;2021-04-02
La Dorada;17380;1;6;2021-04-02;2021-04-02
La Esperanza;54385;1;18;2021-04-02;2021-04-02
La Estrella;05380;1;1;2021-04-02;2021-04-02
La Florida;52381;1;17;2021-04-02;2021-04-02
La Gloria;20383;1;9;2021-04-02;2021-04-02
La Jagua de Ibirico;20400;1;9;2021-04-02;2021-04-02
La Jagua del Pilar;44420;1;14;2021-04-02;2021-04-02
La Llanada;52385;1;17;2021-04-02;2021-04-02
La Macarena;50350;1;16;2021-04-02;2021-04-02
La Merced;17388;1;6;2021-04-02;2021-04-02
La Mesa;25386;1;11;2021-04-02;2021-04-02
La Montañita;18410;1;7;2021-04-02;2021-04-02
La Palma;25394;1;11;2021-04-02;2021-04-02
La Paz;68397;1;21;2021-04-02;2021-04-02
La Paz (Robles);20621;1;9;2021-04-02;2021-04-02
La Peña;25398;1;11;2021-04-02;2021-04-02
La Pintada;05390;1;1;2021-04-02;2021-04-02
La Plata;41396;1;13;2021-04-02;2021-04-02
La Playa;54398;1;18;2021-04-02;2021-04-02
La Primavera;99524;1;33;2021-04-02;2021-04-02
La Salina;85136;1;26;2021-04-02;2021-04-02
La Sierra;19392;1;8;2021-04-02;2021-04-02
La Tebaida;63401;1;19;2021-04-02;2021-04-02
La Tola;52390;1;17;2021-04-02;2021-04-02
La Unión;05400;1;1;2021-04-02;2021-04-02
La Unión;52399;1;17;2021-04-02;2021-04-02
La Unión;70400;1;22;2021-04-02;2021-04-02
La Unión;76400;1;24;2021-04-02;2021-04-02
La Uvita;15403;1;5;2021-04-02;2021-04-02
La Vega;19397;1;8;2021-04-02;2021-04-02
La Vega;25402;1;11;2021-04-02;2021-04-02
La Victoria;15401;1;5;2021-04-02;2021-04-02
La Victoria;91430;1;29;2021-04-02;2021-04-02
La Victoria;76403;1;24;2021-04-02;2021-04-02
La Virginia;66400;1;20;2021-04-02;2021-04-02
Labateca;54377;1;18;2021-04-02;2021-04-02
Labranzagrande;15377;1;5;2021-04-02;2021-04-02
Landázuri;68385;1;21;2021-04-02;2021-04-02
Lebrija;68406;1;21;2021-04-02;2021-04-02
Leiva;52405;1;17;2021-04-02;2021-04-02
Lejanías;50400;1;16;2021-04-02;2021-04-02
Lenguazaque;25407;1;11;2021-04-02;2021-04-02
Leticia;91001;1;29;2021-04-02;2021-04-02
Liborina;05411;1;1;2021-04-02;2021-04-02
Linares;52411;1;17;2021-04-02;2021-04-02
Lloró;27413;1;12;2021-04-02;2021-04-02
Lorica;23417;1;10;2021-04-02;2021-04-02
Los Córdobas;23419;1;10;2021-04-02;2021-04-02
Los Palmitos;70418;1;22;2021-04-02;2021-04-02
Los Patios;54405;1;18;2021-04-02;2021-04-02
Los Santos;68418;1;21;2021-04-02;2021-04-02
Lourdes;54418;1;18;2021-04-02;2021-04-02
Luruaco;08421;1;2;2021-04-02;2021-04-02
Lérida;73408;1;23;2021-04-02;2021-04-02
Líbano;73411;1;23;2021-04-02;2021-04-02
López (Micay);19418;1;8;2021-04-02;2021-04-02
Macanal;15425;1;5;2021-04-02;2021-04-02
Macaravita;68425;1;21;2021-04-02;2021-04-02
Maceo;05425;1;1;2021-04-02;2021-04-02
Machetá;25426;1;11;2021-04-02;2021-04-02
Madrid;25430;1;11;2021-04-02;2021-04-02
Magangué;13430;1;4;2021-04-02;2021-04-02
Magüi (Payán);52427;1;17;2021-04-02;2021-04-02
Mahates;13433;1;4;2021-04-02;2021-04-02
Maicao;44430;1;14;2021-04-02;2021-04-02
Majagual;70429;1;22;2021-04-02;2021-04-02
Malambo;08433;1;2;2021-04-02;2021-04-02
Mallama (Piedrancha);52435;1;17;2021-04-02;2021-04-02
Manatí;08436;1;2;2021-04-02;2021-04-02
Manaure;44560;1;14;2021-04-02;2021-04-02
Manaure Balcón del Cesar;20443;1;9;2021-04-02;2021-04-02
Manizales;17001;1;6;2021-04-02;2021-04-02
Manta;25436;1;11;2021-04-02;2021-04-02
Manzanares;17433;1;6;2021-04-02;2021-04-02
Maní;85139;1;26;2021-04-02;2021-04-02
Mapiripan;17433;1;16;2021-04-02;2021-04-02
Margarita;13440;1;4;2021-04-02;2021-04-02
Marinilla;05440;1;1;2021-04-02;2021-04-02
Maripí;15442;1;5;2021-04-02;2021-04-02
Mariquita;73443;1;23;2021-04-02;2021-04-02
Marmato;17442;1;6;2021-04-02;2021-04-02
Marquetalia;17444;1;6;2021-04-02;2021-04-02
Marsella;66440;1;20;2021-04-02;2021-04-02
Marulanda;17446;1;6;2021-04-02;2021-04-02
María la Baja;13442;1;4;2021-04-02;2021-04-02
Matanza;68444;1;21;2021-04-02;2021-04-02
Medellín;05001;1;1;2021-04-02;2021-04-02
Medina;25438;1;11;2021-04-02;2021-04-02
Medio Atrato;27425;1;12;2021-04-02;2021-04-02
Medio Baudó;27430;1;12;2021-04-02;2021-04-02
Medio San Juan (ANDAGOYA);27450;1;12;2021-04-02;2021-04-02
Melgar;73449;1;23;2021-04-02;2021-04-02
Mercaderes;19450;1;8;2021-04-02;2021-04-02
Mesetas;50330;1;16;2021-04-02;2021-04-02
Milán;18460;1;7;2021-04-02;2021-04-02
Miraflores;15455;1;5;2021-04-02;2021-04-02
Miraflores;95200;1;31;2021-04-02;2021-04-02
Miranda;19455;1;8;2021-04-02;2021-04-02
Mistrató;66456;1;20;2021-04-02;2021-04-02
Mitú;97001;1;32;2021-04-02;2021-04-02
Mocoa;86001;1;27;2021-04-02;2021-04-02
Mogotes;68464;1;21;2021-04-02;2021-04-02
Molagavita;68468;1;21;2021-04-02;2021-04-02
Momil;23464;1;10;2021-04-02;2021-04-02
Mompós;13468;1;4;2021-04-02;2021-04-02
Mongua;15464;1;5;2021-04-02;2021-04-02
Monguí;15466;1;5;2021-04-02;2021-04-02
Moniquirá;15469;1;5;2021-04-02;2021-04-02
Montebello;05467;1;1;2021-04-02;2021-04-02
Montecristo;13458;1;4;2021-04-02;2021-04-02
Montelíbano;23466;1;10;2021-04-02;2021-04-02
Montenegro;63470;1;19;2021-04-02;2021-04-02
Monteria;63470;1;10;2021-04-02;2021-04-02
Monterrey;85162;1;26;2021-04-02;2021-04-02
Morales;13473;1;4;2021-04-02;2021-04-02
Morales;19473;1;8;2021-04-02;2021-04-02
Morelia;18479;1;7;2021-04-02;2021-04-02
Morroa;70473;1;22;2021-04-02;2021-04-02
Mosquera;25473;1;11;2021-04-02;2021-04-02
Mosquera;52473;1;17;2021-04-02;2021-04-02
Motavita;15476;1;5;2021-04-02;2021-04-02
Moñitos;23500;1;10;2021-04-02;2021-04-02
Murillo;73461;1;23;2021-04-02;2021-04-02
Murindó;05475;1;1;2021-04-02;2021-04-02
Mutatá;05480;1;1;2021-04-02;2021-04-02
Mutiscua;54480;1;18;2021-04-02;2021-04-02
Muzo;15480;1;5;2021-04-02;2021-04-02
Málaga;68432;1;21;2021-04-02;2021-04-02
Nariño;05483;1;1;2021-04-02;2021-04-02
Nariño;25483;1;11;2021-04-02;2021-04-02
Nariño;52480;1;17;2021-04-02;2021-04-02
Natagaima;73483;1;23;2021-04-02;2021-04-02
Nechí;05495;1;1;2021-04-02;2021-04-02
Necoclí;05490;1;1;2021-04-02;2021-04-02
Neira;17486;1;6;2021-04-02;2021-04-02
Neiva;41001;1;13;2021-04-02;2021-04-02
Nemocón;25486;1;11;2021-04-02;2021-04-02
Nilo;25488;1;11;2021-04-02;2021-04-02
Nimaima;25489;1;11;2021-04-02;2021-04-02
Nobsa;15491;1;5;2021-04-02;2021-04-02
Nocaima;25491;1;11;2021-04-02;2021-04-02
Norcasia;17495;1;6;2021-04-02;2021-04-02
Norosí;13490;1;4;2021-04-02;2021-04-02
Novita;27491;1;12;2021-04-02;2021-04-02
Nueva Granada;47460;1;15;2021-04-02;2021-04-02
Nuevo Colón;15494;1;5;2021-04-02;2021-04-02
Nunchía;85225;1;26;2021-04-02;2021-04-02
Nuquí;27495;1;12;2021-04-02;2021-04-02
Nátaga;41483;1;13;2021-04-02;2021-04-02
Obando;76497;1;24;2021-04-02;2021-04-02
Ocamonte;68498;1;21;2021-04-02;2021-04-02
Ocaña;54498;1;18;2021-04-02;2021-04-02
Oiba;68500;1;21;2021-04-02;2021-04-02
Oicatá;15500;1;5;2021-04-02;2021-04-02
Olaya;05501;1;1;2021-04-02;2021-04-02
Olaya Herrera;52490;1;17;2021-04-02;2021-04-02
Onzaga;68502;1;21;2021-04-02;2021-04-02
Oporapa;41503;1;13;2021-04-02;2021-04-02
Orito;86320;1;27;2021-04-02;2021-04-02
Orocué;85230;1;26;2021-04-02;2021-04-02
Ortega;73504;1;23;2021-04-02;2021-04-02
Ospina;52506;1;17;2021-04-02;2021-04-02
Otanche;15507;1;5;2021-04-02;2021-04-02
Ovejas;70508;1;22;2021-04-02;2021-04-02
Pachavita;15511;1;5;2021-04-02;2021-04-02
Pacho;25513;1;11;2021-04-02;2021-04-02
Padilla;19513;1;8;2021-04-02;2021-04-02
Paicol;41518;1;13;2021-04-02;2021-04-02
Pailitas;20517;1;9;2021-04-02;2021-04-02
Paime;25518;1;11;2021-04-02;2021-04-02
Paipa;15516;1;5;2021-04-02;2021-04-02
Pajarito;15518;1;5;2021-04-02;2021-04-02
Palermo;41524;1;13;2021-04-02;2021-04-02
Palestina;17524;1;6;2021-04-02;2021-04-02
Palestina;41530;1;13;2021-04-02;2021-04-02
Palmar;68522;1;21;2021-04-02;2021-04-02
Palmar de Varela;08520;1;2;2021-04-02;2021-04-02
Palmas del Socorro;68524;1;21;2021-04-02;2021-04-02
Palmira;76520;1;24;2021-04-02;2021-04-02
Palmito;70523;1;22;2021-04-02;2021-04-02
Palocabildo;73520;1;23;2021-04-02;2021-04-02
Pamplona;54518;1;18;2021-04-02;2021-04-02
Pamplonita;54520;1;18;2021-04-02;2021-04-02
Pandi;25524;1;11;2021-04-02;2021-04-02
Panqueba;15522;1;5;2021-04-02;2021-04-02
Paratebueno;25530;1;11;2021-04-02;2021-04-02
Pasca;25535;1;11;2021-04-02;2021-04-02
Patía (El Bordo);19532;1;8;2021-04-02;2021-04-02
Pauna;15531;1;5;2021-04-02;2021-04-02
Paya;15533;1;5;2021-04-02;2021-04-02
Paz de Ariporo;85250;1;26;2021-04-02;2021-04-02
Paz de Río;15537;1;5;2021-04-02;2021-04-02
Pedraza;47541;1;15;2021-04-02;2021-04-02
Pelaya;20550;1;9;2021-04-02;2021-04-02
Pensilvania;17541;1;6;2021-04-02;2021-04-02
Peque;05543;1;1;2021-04-02;2021-04-02
Pereira;66001;1;20;2021-04-02;2021-04-02
Pesca;15542;1;5;2021-04-02;2021-04-02
Peñol;05541;1;1;2021-04-02;2021-04-02
Piamonte;19533;1;8;2021-04-02;2021-04-02
Pie de Cuesta;68547;1;21;2021-04-02;2021-04-02
Piedras;73547;1;23;2021-04-02;2021-04-02
Piendamó;19548;1;8;2021-04-02;2021-04-02
Pijao;63548;1;19;2021-04-02;2021-04-02
Pijiño;47545;1;15;2021-04-02;2021-04-02
Pinchote;68549;1;21;2021-04-02;2021-04-02
Pinillos;13549;1;4;2021-04-02;2021-04-02
Piojo;08549;1;2;2021-04-02;2021-04-02
Pisva;15550;1;5;2021-04-02;2021-04-02
Pital;41548;1;13;2021-04-02;2021-04-02
Pitalito;41551;1;13;2021-04-02;2021-04-02
Pivijay;47551;1;15;2021-04-02;2021-04-02
Planadas;73555;1;23;2021-04-02;2021-04-02
Planeta Rica;23555;1;10;2021-04-02;2021-04-02
Plato;47555;1;15;2021-04-02;2021-04-02
Policarpa;52540;1;17;2021-04-02;2021-04-02
Polonuevo;08558;1;2;2021-04-02;2021-04-02
Ponedera;08560;1;2;2021-04-02;2021-04-02
Popayán;19001;1;8;2021-04-02;2021-04-02
Pore;85263;1;26;2021-04-02;2021-04-02
Potosí;52560;1;17;2021-04-02;2021-04-02
Pradera;76563;1;24;2021-04-02;2021-04-02
Prado;73563;1;23;2021-04-02;2021-04-02
Providencia;52565;1;17;2021-04-02;2021-04-02
Providencia;88564;1;28;2021-04-02;2021-04-02
Pueblo Bello;20570;1;9;2021-04-02;2021-04-02
Pueblo Nuevo;23570;1;10;2021-04-02;2021-04-02
Pueblo Rico;66572;1;20;2021-04-02;2021-04-02
Pueblorrico;05576;1;1;2021-04-02;2021-04-02
Puebloviejo;47570;1;15;2021-04-02;2021-04-02
Puente Nacional;68572;1;21;2021-04-02;2021-04-02
Puerres;52573;1;17;2021-04-02;2021-04-02
Puerto Asís;86568;1;27;2021-04-02;2021-04-02
Puerto Berrío;05579;1;1;2021-04-02;2021-04-02
Puerto Boyacá;15572;1;5;2021-04-02;2021-04-02
Puerto Caicedo;86569;1;27;2021-04-02;2021-04-02
Puerto Carreño;99001;1;33;2021-04-02;2021-04-02
Puerto Colombia;94884;1;2;2021-04-02;2021-04-02
Puerto Concordia;50450;1;16;2021-04-02;2021-04-02
Puerto Escondido;23574;1;10;2021-04-02;2021-04-02
Puerto Gaitán;50568;1;16;2021-04-02;2021-04-02
Puerto Guzmán;86571;1;27;2021-04-02;2021-04-02
Puerto Leguízamo;;1;27;2021-04-02;2021-04-02
Puerto Libertador;23580;1;10;2021-04-02;2021-04-02
Puerto Lleras;50577;1;16;2021-04-02;2021-04-02
Puerto López;50573;1;16;2021-04-02;2021-04-02
Puerto Nare;05585;1;1;2021-04-02;2021-04-02
Puerto Nariño;91540;1;29;2021-04-02;2021-04-02
Puerto Parra;68573;1;21;2021-04-02;2021-04-02
Puerto Rico;18592;1;7;2021-04-02;2021-04-02
Puerto Rico;50590;1;16;2021-04-02;2021-04-02
Puerto Rondón;81591;1;25;2021-04-02;2021-04-02
Puerto Salgar;25572;1;11;2021-04-02;2021-04-02
Puerto Santander;91669;1;18;2021-04-02;2021-04-02
Puerto Tejada;19573;1;8;2021-04-02;2021-04-02
Puerto Triunfo;05591;1;1;2021-04-02;2021-04-02
Puerto Wilches;68575;1;21;2021-04-02;2021-04-02
Pulí;25580;1;11;2021-04-02;2021-04-02
Pupiales;52585;1;17;2021-04-02;2021-04-02
Puracé (Coconuco);19585;1;8;2021-04-02;2021-04-02
Purificación;73585;1;23;2021-04-02;2021-04-02
Purísima;23586;1;10;2021-04-02;2021-04-02
Pácora;17513;1;6;2021-04-02;2021-04-02
Páez;15514;1;5;2021-04-02;2021-04-02
Páez (Belalcazar);19517;1;8;2021-04-02;2021-04-02
Páramo;68533;1;21;2021-04-02;2021-04-02
Quebradanegra;25592;1;11;2021-04-02;2021-04-02
Quetame;25594;1;11;2021-04-02;2021-04-02
Quibdó;27001;1;12;2021-04-02;2021-04-02
Quimbaya;63594;1;19;2021-04-02;2021-04-02
Quinchía;66594;1;20;2021-04-02;2021-04-02
Quipama;15580;1;5;2021-04-02;2021-04-02
Quipile;25596;1;11;2021-04-02;2021-04-02
Ragonvalia;54599;1;18;2021-04-02;2021-04-02
Ramiriquí;15599;1;5;2021-04-02;2021-04-02
Recetor;85279;1;26;2021-04-02;2021-04-02
Regidor;13580;1;4;2021-04-02;2021-04-02
Remedios;05604;1;1;2021-04-02;2021-04-02
Remolino;47605;1;15;2021-04-02;2021-04-02
Repelón;08606;1;2;2021-04-02;2021-04-02
Restrepo;50606;1;16;2021-04-02;2021-04-02
Restrepo;76606;1;24;2021-04-02;2021-04-02
Retiro;05607;1;1;2021-04-02;2021-04-02
Ricaurte;25612;1;11;2021-04-02;2021-04-02
Ricaurte;52612;1;17;2021-04-02;2021-04-02
Rio Negro;27580;1;21;2021-04-02;2021-04-02
Rioblanco;73616;1;23;2021-04-02;2021-04-02
Riofrío;76616;1;24;2021-04-02;2021-04-02
Riohacha;44001;1;14;2021-04-02;2021-04-02
Risaralda;17616;1;6;2021-04-02;2021-04-02
Rivera;41615;1;13;2021-04-02;2021-04-02
Roberto Payán (San José);52621;1;17;2021-04-02;2021-04-02
Roldanillo;76622;1;24;2021-04-02;2021-04-02
Roncesvalles;73622;1;23;2021-04-02;2021-04-02
Rondón;15621;1;5;2021-04-02;2021-04-02
Rosas;19622;1;8;2021-04-02;2021-04-02
Rovira;73624;1;23;2021-04-02;2021-04-02
Ráquira;15600;1;5;2021-04-02;2021-04-02
Río Iró;27580;1;12;2021-04-02;2021-04-02
Río Quito;27600;1;12;2021-04-02;2021-04-02
Río Sucio;17614;1;6;2021-04-02;2021-04-02
Río Viejo;13600;1;4;2021-04-02;2021-04-02
Río de oro;20614;1;9;2021-04-02;2021-04-02
Ríonegro;68615;1;1;2021-04-02;2021-04-02
Ríosucio;27615;1;12;2021-04-02;2021-04-02
Sabana de Torres;68655;1;21;2021-04-02;2021-04-02
Sabanagrande;08634;1;2;2021-04-02;2021-04-02
Sabanalarga;05628;1;1;2021-04-02;2021-04-02
Sabanalarga;08638;1;2;2021-04-02;2021-04-02
Sabanalarga;85300;1;26;2021-04-02;2021-04-02
Sabanas de San Angel (SAN ANGEL);47660;1;15;2021-04-02;2021-04-02
Sabaneta;05631;1;1;2021-04-02;2021-04-02
Saboyá;15632;1;5;2021-04-02;2021-04-02
Sahagún;23660;1;10;2021-04-02;2021-04-02
Saladoblanco;41660;1;13;2021-04-02;2021-04-02
Salamina;17657;1;6;2021-04-02;2021-04-02
Salamina;47675;1;15;2021-04-02;2021-04-02
Salazar;54660;1;18;2021-04-02;2021-04-02
Saldaña;73671;1;23;2021-04-02;2021-04-02
Salento;63690;1;19;2021-04-02;2021-04-02
Salgar;05642;1;1;2021-04-02;2021-04-02
Samacá;15646;1;5;2021-04-02;2021-04-02
Samaniego;52678;1;17;2021-04-02;2021-04-02
Samaná;17662;1;6;2021-04-02;2021-04-02
Sampués;70670;1;22;2021-04-02;2021-04-02
San Agustín;41668;1;13;2021-04-02;2021-04-02
San Alberto;20710;1;9;2021-04-02;2021-04-02
San Andrés;88001;1;21;2021-04-02;2021-04-02
San Andrés Sotavento;23670;1;10;2021-04-02;2021-04-02
San Andrés de Cuerquía;05647;1;1;2021-04-02;2021-04-02
San Antero;23672;1;10;2021-04-02;2021-04-02
San Antonio;73675;1;23;2021-04-02;2021-04-02
San Antonio de Tequendama;25645;1;11;2021-04-02;2021-04-02
San Benito;68673;1;21;2021-04-02;2021-04-02
San Benito Abad;70678;1;22;2021-04-02;2021-04-02
San Bernardo;25649;1;11;2021-04-02;2021-04-02
San Bernardo;52685;1;17;2021-04-02;2021-04-02
San Bernardo del Viento;23675;1;10;2021-04-02;2021-04-02
San Calixto;54670;1;18;2021-04-02;2021-04-02
San Carlos;05649;1;1;2021-04-02;2021-04-02
San Carlos;23678;1;10;2021-04-02;2021-04-02
San Carlos de Guaroa;50680;1;16;2021-04-02;2021-04-02
San Cayetano;25653;1;11;2021-04-02;2021-04-02
San Cayetano;54673;1;18;2021-04-02;2021-04-02
San Cristobal;13620;1;4;2021-04-02;2021-04-02
San Diego;20750;1;9;2021-04-02;2021-04-02
San Eduardo;15660;1;5;2021-04-02;2021-04-02
San Estanislao;13647;1;4;2021-04-02;2021-04-02
San Fernando;13650;1;4;2021-04-02;2021-04-02
San Francisco;05652;1;1;2021-04-02;2021-04-02
San Francisco;25658;1;11;2021-04-02;2021-04-02
San Francisco;86755;1;27;2021-04-02;2021-04-02
San Gíl;68679;1;21;2021-04-02;2021-04-02
San Jacinto;13654;1;4;2021-04-02;2021-04-02
San Jacinto del Cauca;13655;1;4;2021-04-02;2021-04-02
San Jerónimo;05656;1;1;2021-04-02;2021-04-02
San Joaquín;68682;1;21;2021-04-02;2021-04-02
San José;17665;1;6;2021-04-02;2021-04-02
San José de Miranda;68684;1;21;2021-04-02;2021-04-02
San José de Montaña;05658;1;1;2021-04-02;2021-04-02
San José de Pare;15664;1;5;2021-04-02;2021-04-02
San José de Uré;23682;1;10;2021-04-02;2021-04-02
San José del Fragua;18610;1;7;2021-04-02;2021-04-02
San José del Guaviare;95001;1;31;2021-04-02;2021-04-02
San José del Palmar;27660;1;12;2021-04-02;2021-04-02
San Juan de Arama;50683;1;16;2021-04-02;2021-04-02
San Juan de Betulia;70702;1;22;2021-04-02;2021-04-02
San Juan de Nepomuceno;13657;1;4;2021-04-02;2021-04-02
San Juan de Pasto;;1;17;2021-04-02;2021-04-02
San Juan de Río Seco;25662;1;11;2021-04-02;2021-04-02
San Juan de Urabá;05659;1;1;2021-04-02;2021-04-02
San Juan del Cesar;44650;1;14;2021-04-02;2021-04-02
San Juanito;50686;1;16;2021-04-02;2021-04-02
San Lorenzo;52687;1;17;2021-04-02;2021-04-02
San Luis;73678;1;23;2021-04-02;2021-04-02
San Luís;05660;1;1;2021-04-02;2021-04-02
San Luís de Gaceno;15667;1;5;2021-04-02;2021-04-02
San Luís de Palenque;85325;1;26;2021-04-02;2021-04-02
San Marcos;70708;1;22;2021-04-02;2021-04-02
San Martín;20770;1;9;2021-04-02;2021-04-02
San Martín;50689;1;16;2021-04-02;2021-04-02
San Martín de Loba;13667;1;4;2021-04-02;2021-04-02
San Mateo;15673;1;5;2021-04-02;2021-04-02
San Miguel;68686;1;21;2021-04-02;2021-04-02
San Miguel;86757;1;27;2021-04-02;2021-04-02
San Miguel de Sema;15676;1;5;2021-04-02;2021-04-02
San Onofre;70713;1;22;2021-04-02;2021-04-02
San Pablo;13670;1;4;2021-04-02;2021-04-02
San Pablo;52693;1;17;2021-04-02;2021-04-02
San Pablo de Borbur;15681;1;5;2021-04-02;2021-04-02
San Pedro;05664;1;1;2021-04-02;2021-04-02
San Pedro;70717;1;22;2021-04-02;2021-04-02
San Pedro;76670;1;24;2021-04-02;2021-04-02
San Pedro de Cartago;52694;1;17;2021-04-02;2021-04-02
San Pedro de Urabá;05665;1;1;2021-04-02;2021-04-02
San Pelayo;23686;1;10;2021-04-02;2021-04-02
San Rafael;05667;1;1;2021-04-02;2021-04-02
San Roque;05670;1;1;2021-04-02;2021-04-02
San Sebastián;19693;1;8;2021-04-02;2021-04-02
San Sebastián de Buenavista;47692;1;15;2021-04-02;2021-04-02
San Vicente;05674;1;1;2021-04-02;2021-04-02
San Vicente del Caguán;18753;1;7;2021-04-02;2021-04-02
San Vicente del Chucurí;68689;1;21;2021-04-02;2021-04-02
San Zenón;47703;1;15;2021-04-02;2021-04-02
Sandoná;52683;1;17;2021-04-02;2021-04-02
Santa Ana;47707;1;15;2021-04-02;2021-04-02
Santa Bárbara;05679;1;1;2021-04-02;2021-04-02
Santa Bárbara;68705;1;21;2021-04-02;2021-04-02
Santa Bárbara (Iscuandé);52696;1;17;2021-04-02;2021-04-02
Santa Bárbara de Pinto;47720;1;15;2021-04-02;2021-04-02
Santa Catalina;13673;1;4;2021-04-02;2021-04-02
Santa Fé de Antioquia;05042;1;1;2021-04-02;2021-04-02
Santa Genoveva de Docorodó;;1;12;2021-04-02;2021-04-02
Santa Helena del Opón;68720;1;21;2021-04-02;2021-04-02
Santa Isabel;73686;1;23;2021-04-02;2021-04-02
Santa Lucía;08675;1;2;2021-04-02;2021-04-02
Santa Marta;47001;1;15;2021-04-02;2021-04-02
Santa María;15690;1;5;2021-04-02;2021-04-02
Santa María;41676;1;13;2021-04-02;2021-04-02
Santa Rosa;13683;1;4;2021-04-02;2021-04-02
Santa Rosa;19701;1;8;2021-04-02;2021-04-02
Santa Rosa de Cabal;66682;1;20;2021-04-02;2021-04-02
Santa Rosa de Osos;05686;1;1;2021-04-02;2021-04-02
Santa Rosa de Viterbo;15693;1;5;2021-04-02;2021-04-02
Santa Rosa del Sur;13688;1;4;2021-04-02;2021-04-02
Santa Rosalía;99624;1;33;2021-04-02;2021-04-02
Santa Sofía;15696;1;5;2021-04-02;2021-04-02
Santana;15686;1;5;2021-04-02;2021-04-02
Santander de Quilichao;19698;1;8;2021-04-02;2021-04-02
Santiago;54680;1;18;2021-04-02;2021-04-02
Santiago;86760;1;27;2021-04-02;2021-04-02
Santo Domingo;05690;1;1;2021-04-02;2021-04-02
Santo Tomás;08685;1;2;2021-04-02;2021-04-02
Santuario;;1;1;2021-04-02;2021-04-02
Santuario;66687;1;20;2021-04-02;2021-04-02
Sapuyes;52720;1;17;2021-04-02;2021-04-02
Saravena;81736;1;25;2021-04-02;2021-04-02
Sardinata;54720;1;18;2021-04-02;2021-04-02
Sasaima;25718;1;11;2021-04-02;2021-04-02
Sativanorte;15720;1;5;2021-04-02;2021-04-02
Sativasur;15723;1;5;2021-04-02;2021-04-02
Segovia;05736;1;1;2021-04-02;2021-04-02
Sesquilé;25736;1;11;2021-04-02;2021-04-02
Sevilla;76736;1;24;2021-04-02;2021-04-02
Siachoque;15740;1;5;2021-04-02;2021-04-02
Sibaté;25740;1;11;2021-04-02;2021-04-02
Sibundoy;86749;1;27;2021-04-02;2021-04-02
Silos;54743;1;18;2021-04-02;2021-04-02
Silvania;25743;1;11;2021-04-02;2021-04-02
Silvia;19743;1;8;2021-04-02;2021-04-02
Simacota;68745;1;21;2021-04-02;2021-04-02
Simijaca;25745;1;11;2021-04-02;2021-04-02
Simití;13744;1;4;2021-04-02;2021-04-02
Sincelejo;70001;1;22;2021-04-02;2021-04-02
Sincé;13744;1;22;2021-04-02;2021-04-02
Sipí;27745;1;12;2021-04-02;2021-04-02
Sitionuevo;47745;1;15;2021-04-02;2021-04-02
Soacha;25754;1;11;2021-04-02;2021-04-02
Soatá;15753;1;5;2021-04-02;2021-04-02
Socha;15757;1;5;2021-04-02;2021-04-02
Socorro;68755;1;21;2021-04-02;2021-04-02
Socotá;15755;1;5;2021-04-02;2021-04-02
Sogamoso;15759;1;5;2021-04-02;2021-04-02
Solano;18756;1;7;2021-04-02;2021-04-02
Soledad;08758;1;2;2021-04-02;2021-04-02
Solita;18785;1;7;2021-04-02;2021-04-02
Somondoco;15761;1;5;2021-04-02;2021-04-02
Sonsón;05756;1;1;2021-04-02;2021-04-02
Sopetrán;05761;1;1;2021-04-02;2021-04-02
Soplaviento;13760;1;4;2021-04-02;2021-04-02
Sopó;25758;1;11;2021-04-02;2021-04-02
Sora;15762;1;5;2021-04-02;2021-04-02
Soracá;15764;1;5;2021-04-02;2021-04-02
Sotaquirá;15763;1;5;2021-04-02;2021-04-02
Sotara (Paispamba);19760;1;8;2021-04-02;2021-04-02
Sotomayor (Los Andes);52418;1;17;2021-04-02;2021-04-02
Suaita;68770;1;21;2021-04-02;2021-04-02
Suan;08770;1;2;2021-04-02;2021-04-02
Suaza;41770;1;13;2021-04-02;2021-04-02
Subachoque;25769;1;11;2021-04-02;2021-04-02
Sucre;19785;1;8;2021-04-02;2021-04-02
Sucre;68773;1;21;2021-04-02;2021-04-02
Sucre;70771;1;22;2021-04-02;2021-04-02
Suesca;25772;1;11;2021-04-02;2021-04-02
Supatá;25777;1;11;2021-04-02;2021-04-02
Supía;17777;1;6;2021-04-02;2021-04-02
Suratá;68780;1;21;2021-04-02;2021-04-02
Susa;25779;1;11;2021-04-02;2021-04-02
Susacón;15774;1;5;2021-04-02;2021-04-02
Sutamarchán;15776;1;5;2021-04-02;2021-04-02
Sutatausa;25781;1;11;2021-04-02;2021-04-02
Sutatenza;15778;1;5;2021-04-02;2021-04-02
Suárez;19780;1;8;2021-04-02;2021-04-02
Suárez;73770;1;23;2021-04-02;2021-04-02
Sácama;85315;1;26;2021-04-02;2021-04-02
Sáchica;15638;1;5;2021-04-02;2021-04-02
Tabio;25785;1;11;2021-04-02;2021-04-02
Tadó;27787;1;12;2021-04-02;2021-04-02
Talaigua Nuevo;13780;1;4;2021-04-02;2021-04-02
Tamalameque;20787;1;9;2021-04-02;2021-04-02
Tame;81794;1;25;2021-04-02;2021-04-02
Taminango;52786;1;17;2021-04-02;2021-04-02
Tangua;52788;1;17;2021-04-02;2021-04-02
Taraira;97666;1;32;2021-04-02;2021-04-02
Tarazá;05790;1;1;2021-04-02;2021-04-02
Tarqui;41791;1;13;2021-04-02;2021-04-02
Tarso;05792;1;1;2021-04-02;2021-04-02
Tasco;15790;1;5;2021-04-02;2021-04-02
Tauramena;85410;1;26;2021-04-02;2021-04-02
Tausa;25793;1;11;2021-04-02;2021-04-02
Tello;41799;1;13;2021-04-02;2021-04-02
Tena;25797;1;11;2021-04-02;2021-04-02
Tenerife;47798;1;15;2021-04-02;2021-04-02
Tenjo;25799;1;11;2021-04-02;2021-04-02
Tenza;15798;1;5;2021-04-02;2021-04-02
Teorama;54800;1;18;2021-04-02;2021-04-02
Teruel;41801;1;13;2021-04-02;2021-04-02
Tesalia;41797;1;13;2021-04-02;2021-04-02
Tibacuy;25805;1;11;2021-04-02;2021-04-02
Tibaná;15804;1;5;2021-04-02;2021-04-02
Tibasosa;15806;1;5;2021-04-02;2021-04-02
Tibirita;25807;1;11;2021-04-02;2021-04-02
Tibú;54810;1;18;2021-04-02;2021-04-02
Tierralta;23807;1;10;2021-04-02;2021-04-02
Timaná;41807;1;13;2021-04-02;2021-04-02
Timbiquí;19809;1;8;2021-04-02;2021-04-02
Timbío;19807;1;8;2021-04-02;2021-04-02
Tinjacá;15808;1;5;2021-04-02;2021-04-02
Tipacoque;15810;1;5;2021-04-02;2021-04-02
Tiquisio (Puerto Rico);13810;1;4;2021-04-02;2021-04-02
Titiribí;05809;1;1;2021-04-02;2021-04-02
Toca;15814;1;5;2021-04-02;2021-04-02
Tocaima;25815;1;11;2021-04-02;2021-04-02
Tocancipá;25817;1;11;2021-04-02;2021-04-02
Toguí;15816;1;5;2021-04-02;2021-04-02
Toledo;05819;1;1;2021-04-02;2021-04-02
Toledo;54820;1;18;2021-04-02;2021-04-02
Tolú Viejo;70823;1;22;2021-04-02;2021-04-02
Tona;68820;1;21;2021-04-02;2021-04-02
Tópaga;15820;1;5;2021-04-02;2021-04-02
Topaipí;25823;1;11;2021-04-02;2021-04-02
Toribio;19821;1;8;2021-04-02;2021-04-02
Toro;76823;1;24;2021-04-02;2021-04-02
Tota;15822;1;5;2021-04-02;2021-04-02
Totoró;19824;1;8;2021-04-02;2021-04-02
Trinidad;85430;1;26;2021-04-02;2021-04-02
Trujillo;76828;1;24;2021-04-02;2021-04-02
Tubará;8832;1;2;2021-04-02;2021-04-02
Tuchín;23815;1;10;2021-04-02;2021-04-02
Tuluá;76834;1;24;2021-04-02;2021-04-02
Tunja;15001;1;5;2021-04-02;2021-04-02
Tununguá;15832;1;5;2021-04-02;2021-04-02
Túquerres;52838;1;17;2021-04-02;2021-04-02
Turbaco;13836;1;4;2021-04-02;2021-04-02
Turbaná;13838;1;4;2021-04-02;2021-04-02
Turbo;5837;1;1;2021-04-02;2021-04-02
Turmequé;15835;1;5;2021-04-02;2021-04-02
Tuta;15837;1;5;2021-04-02;2021-04-02
Tutazá;15839;1;5;2021-04-02;2021-04-02
Ubalá;25839;1;11;2021-04-02;2021-04-02
Ubaque;25841;1;11;2021-04-02;2021-04-02
Ulloa;76845;1;24;2021-04-02;2021-04-02
Umbita;15842;1;5;2021-04-02;2021-04-02
Une;25845;1;11;2021-04-02;2021-04-02
Unguía;27800;1;12;2021-04-02;2021-04-02
Unión Panamericana;27810;1;12;2021-04-02;2021-04-02
Uramita;5842;1;1;2021-04-02;2021-04-02
Uribe;50370;1;16;2021-04-02;2021-04-02
Uribia;44847;1;14;2021-04-02;2021-04-02
Urrao;5847;1;1;2021-04-02;2021-04-02
Urumita;44855;1;14;2021-04-02;2021-04-02
Usiacurí;8849;1;2;2021-04-02;2021-04-02
Útica;25851;1;11;2021-04-02;2021-04-02
Valdivia;5854;1;1;2021-04-02;2021-04-02
Valencia;23855;1;10;2021-04-02;2021-04-02
Valle de San José;68855;1;21;2021-04-02;2021-04-02
Valle de San Juan;73854;1;23;2021-04-02;2021-04-02
Valle del Guamuez;86865;1;27;2021-04-02;2021-04-02
Valledupar;20001;1;9;2021-04-02;2021-04-02
Valparaíso;5856;1;1;2021-04-02;2021-04-02
Valparaíso;18860;1;7;2021-04-02;2021-04-02
Vegachí;5858;1;1;2021-04-02;2021-04-02
Vélez;68861;1;21;2021-04-02;2021-04-02
Venadillo;73861;1;23;2021-04-02;2021-04-02
Venecia;5861;1;1;2021-04-02;2021-04-02
Venecia;25506;1;11;2021-04-02;2021-04-02
Ventaquemada;15861;1;5;2021-04-02;2021-04-02
Vergara;25862;1;11;2021-04-02;2021-04-02
Versalles;76863;1;24;2021-04-02;2021-04-02
Vetas;68867;1;21;2021-04-02;2021-04-02
Vianí;25867;1;11;2021-04-02;2021-04-02
Victoria;17867;1;6;2021-04-02;2021-04-02
Vigía del Fuerte;5873;1;1;2021-04-02;2021-04-02
Vijes;76869;1;24;2021-04-02;2021-04-02
Villa Caro;54871;1;18;2021-04-02;2021-04-02
Villa de Leyva;15407;1;5;2021-04-02;2021-04-02
Villa de San Diego de Ubate;25843;1;11;2021-04-02;2021-04-02
Villa del Rosario;54874;1;18;2021-04-02;2021-04-02
Villa Rica;19845;1;8;2021-04-02;2021-04-02
Villagarzón;86885;1;27;2021-04-02;2021-04-02
Villagómez;25871;1;11;2021-04-02;2021-04-02
Villahermosa;73870;1;23;2021-04-02;2021-04-02
Villamaría;17873;1;6;2021-04-02;2021-04-02
Villanueva;13873;1;4;2021-04-02;2021-04-02
Villanueva;44874;1;14;2021-04-02;2021-04-02
Villanueva;68872;1;21;2021-04-02;2021-04-02
Villanueva;85440;1;26;2021-04-02;2021-04-02
Villapinzón;25873;1;11;2021-04-02;2021-04-02
Villarrica;73873;1;23;2021-04-02;2021-04-02
Villavicencio;50001;1;16;2021-04-02;2021-04-02
Villavieja;41872;1;13;2021-04-02;2021-04-02
Villeta;25875;1;11;2021-04-02;2021-04-02
Viotá;25878;1;11;2021-04-02;2021-04-02
Viracachá;15879;1;5;2021-04-02;2021-04-02
Vistahermosa;50711;1;16;2021-04-02;2021-04-02
Viterbo;17877;1;6;2021-04-02;2021-04-02
Yacopí;25885;1;11;2021-04-02;2021-04-02
Yacuanquer;52885;1;17;2021-04-02;2021-04-02
Yaguará;41885;1;13;2021-04-02;2021-04-02
Yalí;5885;1;1;2021-04-02;2021-04-02
Yarumal;5887;1;1;2021-04-02;2021-04-02
Yavaraté;97889;1;32;2021-04-02;2021-04-02
Yolombó;5890;1;1;2021-04-02;2021-04-02
Yondó;5893;1;1;2021-04-02;2021-04-02
Yopal;85001;1;26;2021-04-02;2021-04-02
Yotoco;76890;1;24;2021-04-02;2021-04-02
Yumbo;76892;1;24;2021-04-02;2021-04-02
Zambrano;13894;1;4;2021-04-02;2021-04-02
Zapatoca;68895;1;21;2021-04-02;2021-04-02
Zapayán;47960;1;15;2021-04-02;2021-04-02
Zaragoza;5895;1;1;2021-04-02;2021-04-02
Zarzal;76895;1;24;2021-04-02;2021-04-02
Zetaquira;15897;1;5;2021-04-02;2021-04-02
Zipacón;25898;1;11;2021-04-02;2021-04-02
Zipaquirá;25899;1;11;2021-04-02;2021-04-02
Zona Bananera;47980;1;15;2021-04-02;2021-04-02